{"schemaVersion":"1.0","appDefinitionTemplate":{"id":"/providers/Microsoft.PowerApps/apps/","type":"Microsoft.PowerApps/apps","tags":{"primaryDeviceWidth":"1366","primaryDeviceHeight":"768","supportsPortrait":"true","supportsLandscape":"true","primaryFormFactor":"Tablet","publisherVersion":"3.22091.11","minimumRequiredApiVersion":"2.2.0","hasComponent":"true","hasUnlockedComponent":"true","isUnifiedRootApp":"false","sienaVersion":"20220914T183215Z-3.22091.11.0"},"properties":{"appVersion":"2022-09-14T18:32:15Z","lifeCycleId":"Published","createdByClientVersion":{"major":3,"minor":22091,"build":11,"revision":0,"majorRevision":0,"minorRevision":0},"minClientVersion":{"major":3,"minor":22091,"build":11,"revision":0,"majorRevision":0,"minorRevision":0},"backgroundColor":"RGBA(0,176,240,1)","backgroundImageUri":"/16947530875533220705/N64912775-2380-4335-a57d-034c060cc867-logoSmallFile","displayName":"ESDC-Canvas-Template-Classic_Gabarie-Classique_withConfig","description":"The documentation can be located here:\nhttps://014gc.sharepoint.com/sites/IMTSS-TSSGI/_layouts/15/doc.aspx?sourcedoc={4efb280e-2bb6-47a2-a20f-62ed28827610}&action=edit","commitMessage":"","appUris":{"documentUri":{"value":"/16947530875533220705/N3ef8d25a-016d-443a-afd0-3354977ca948-document.msapp"},"imageUris":[],"additionalUris":[]},"createdTime":"0001-01-01T00:00:00Z","lastModifiedTime":"0001-01-01T00:00:00Z","sharedGroupsCount":0,"sharedUsersCount":0,"icons":{"smallIconUri":"/16947530875533220705/N09697e43-c24b-4f53-82a1-7025dd2a5f90-small.png","mediumIconUri":"/16947530875533220705/N64858090-b5b8-48fb-9810-b068de1ba6e2-medium.png","largeIconUri":"/16947530875533220705/N2d291660-2c8c-4697-8974-cc9fdf8304ef-large.png","wideIconUri":"/16947530875533220705/N4836e8ae-4e2a-43df-8744-7744d71b2763-wide.png"},"connectionReferences":{"440824ab-f1a1-466d-b2e4-52c90d31d068":{"id":"fe3344e9-69d9-467f-af6b-e33f7f71e96a","displayName":"SharePoint","iconUri":"https://connectoricons-prod.azureedge.net/releases/v1.0.1591/1.0.1591.2961/sharepointonline/icon.png","dataSources":["Translation","PowerApps - User Config"],"dependencies":[],"dependents":[],"parameterHints":{},"parameterHintsV2":{},"isOnPremiseConnection":false,"bypassConsent":false,"dataSets":{"https://014gc.sharepoint.com/sites/TRMTracking":{"dataSources":{"Translation":{"tableName":"12c89c7e-dcab-462d-b890-7314a1260e15"}}},"https://014gc.sharepoint.com/sites/ITITSSTIGI":{"dataSources":{"PowerApps - User Config":{"tableName":"e9bf742d-e324-49b8-b757-f63ce002d87b"}}}},"apiTier":"Standard","isCustomApiConnection":false,"actions":["providers/PowerPlatform.Governance/Operations/Read","providers/PowerPlatform.Governance/Operations/Write"]}},"databaseReferences":{},"almMode":"Environment","performanceOptimizationEnabled":true,"canConsumeAppPass":true,"enableModernRuntimeMode":false,"executionRestrictions":{"isTeamsOnly":false,"dataLossPreventionEvaluationResult":{"status":"Compliant","lastEvaluationDate":"2022-09-03T00:55:54.5231046Z","violations":[],"violationsByPolicy":[],"violationErrorMessage":"The app uses the following connectors: shared_sharepointonline."}}},"appType":"ClassicCanvasApp","appComponents":[]}}