{"schemaVersion":"1.0","appDefinitionTemplate":{"id":"/providers/Microsoft.PowerApps/apps/","type":"Microsoft.PowerApps/apps","tags":{"primaryDeviceWidth":"1366","primaryDeviceHeight":"768","supportsPortrait":"true","supportsLandscape":"true","primaryFormFactor":"Tablet","publisherVersion":"3.23011.12","minimumRequiredApiVersion":"2.2.0","hasComponent":"true","hasUnlockedComponent":"true","isUnifiedRootApp":"false","sienaVersion":"20230111T191826Z-3.23011.12.0"},"properties":{"appVersion":"2023-01-11T19:18:26Z","lifeCycleId":"Published","createdByClientVersion":{"major":3,"minor":23011,"build":12,"revision":0,"majorRevision":0,"minorRevision":0},"minClientVersion":{"major":3,"minor":23011,"build":12,"revision":0,"majorRevision":0,"minorRevision":0},"backgroundColor":"RGBA(0,176,240,1)","backgroundImageUri":"/16947530875533220705/N7193cd80-f8e9-4577-bae2-06fe7b5610ab-logoSmallFile","displayName":"ESDC-Canvas-Template-Classic_Gabarie-Classique","description":"The documentation can be located here:\nhttps://014gc.sharepoint.com/sites/IMTSS-TSSGI/_layouts/15/doc.aspx?sourcedoc={4efb280e-2bb6-47a2-a20f-62ed28827610}&action=edit","commitMessage":"","appUris":{"documentUri":{"value":"/16947530875533220705/N30ce0f9c-ebca-4684-a9d6-18ac7c07f72a-document.msapp"},"imageUris":[],"additionalUris":[]},"createdTime":"0001-01-01T00:00:00Z","lastModifiedTime":"0001-01-01T00:00:00Z","sharedGroupsCount":0,"sharedUsersCount":0,"icons":{"smallIconUri":"/16947530875533220705/Nb972b669-69ac-4d6d-8be5-7aab39ec2cd0-small.png","mediumIconUri":"/16947530875533220705/N2c452783-2fd6-4b3e-a272-9b870d713661-medium.png","largeIconUri":"/16947530875533220705/N448b07b3-162d-472d-a757-04e609766fb2-large.png","wideIconUri":"/16947530875533220705/N1db20411-d482-4353-885f-172ece456c03-wide.png"},"connectionReferences":{"440824ab-f1a1-466d-b2e4-52c90d31d068":{"id":"fe3344e9-69d9-467f-af6b-e33f7f71e96a","displayName":"SharePoint","iconUri":"https://connectoricons-prod.azureedge.net/u/juanq/gateway/greyhound/3000.150.11/1.0.1613.3116/sharepointonline/icon.png","dataSources":["Translation","PowerApps - User Config"],"dependencies":[],"dependents":[],"parameterHints":{},"parameterHintsV2":{},"isOnPremiseConnection":false,"bypassConsent":false,"dataSets":{"https://014gc.sharepoint.com/sites/ITITSSTIGI":{"datasetOverride":{"name":"https://014gc.sharepoint.com/sites/POWERPLATFORM","description":"The SharePoint URL has been renamed from 'https://014gc.sharepoint.com/sites/ITITSSTIGI' to 'https://014gc.sharepoint.com/sites/POWERPLATFORM'"},"dataSources":{"PowerApps - User Config":{"tableName":"e9bf742d-e324-49b8-b757-f63ce002d87b"}}},"https://014gc.sharepoint.com/sites/TRMTracking":{"dataSources":{"Translation":{"tableName":"12c89c7e-dcab-462d-b890-7314a1260e15"}}}},"apiTier":"Standard","isCustomApiConnection":false,"actions":["providers/PowerPlatform.Governance/Operations/Read"]}},"databaseReferences":{},"almMode":"Solution","performanceOptimizationEnabled":true,"canConsumeAppPass":true,"enableModernRuntimeMode":false,"executionRestrictions":{"isTeamsOnly":false,"dataLossPreventionEvaluationResult":{"status":"Compliant","lastEvaluationDate":"2022-09-03T00:55:54.5231046Z","violations":[],"violationsByPolicy":[],"violationErrorMessage":"The app uses the following connectors: shared_sharepointonline."}}},"appType":"ClassicCanvasApp","appComponents":[]}}